School Code,School Name,Year,Enrolment
131,Alberton Elementary School,1999,229
231,Amherst Cove Consolidated School,1999,184
221,Athena Consolidated School,1999,438
440,Belfast Consolidated School,1999,286
320,Birchwood Intermediate School,1999,458
132,Bloomfield Elementary School,1999,235
314,Bluefield High School,1999,826
441,Cardigan Consolidated School,1999,234
341,Central Queens Elementary School,1999,288
310,Charlottetown Rural High School,1999,1053
311,Colonel Gray Senior High School,1999,944
344,Donagh Regional School,1999,178
442,Dundas Consolidated School,1999,76
324,East Wiltshire Intermediate School,1999,626
443,Eastern Kings Consolidated School,1999,92
510,École Évangéline,1999,443
511,École François-Buote,1999,166
342,Eliot River Elementary School,1999,403
134,Ellerslie Elementary School,1999,243
232,Elm Street Elementary School,1999,477
345,Englewood School,1999,259
444,Fortune Consolidated School,1999,119
445,Georgetown Elementary School,1999,95
340,Glen Stewart Elementary School,1999,673
357,Grand Tracadie Elementary School,1999,55
237,Greenfield Elementary School,1999,434
348,Gulf Shore Consolidated School,1999,339
122,Hernewood Intermediate School,1999,377
211,Kensington Intermediate Senior High School,1999,468
212,Kinkora Regional High School,1999,200
343,L.M. Montgomery Elementary School,1999,392
123,M.E. Callaghan Intermediate School,1999,363
222,Miscouche Consolidated School,1999,231
446,Montague Consolidated School,1999,410
420,Montague Intermediate School,1999,345
410,Montague Regional High School,1999,710
447,Morell Consolidated School,1999,227
411,Morell Regional High School,1999,325
448,Mount Stewart Consolidated School,1999,120
133,O'Leary Elementary School,1999,260
346,Parkdale Elementary School,1999,198
236,Parkside Elementary School,1999,318
347,Prince Street Elementary School,1999,363
321,Queen Charlotte Intermediate School,1999,555
233,Queen Elizabeth Elementary School,1999,463
449,Rollo Bay Consolidated School,1999,139
349,Sherwood Elementary School,1999,631
234,Somerset Elementary School,1999,206
450,Souris Consolidated School,1999,246
412,Souris Regional High School,1999,367
451,Southern Kings Consolidated School,1999,375
351,Spring Park Elementary School,1999,516
354,St. Jean Elementary School,1999,222
135,St. Louis Elementary School,1999,196
452,St. Peter’s Consolidated School,1999,113
453,St. Teresa’s Consolidated School,1999,69
323,Stonepark Intermediate School,1999,846
220,Summerside Intermediate School,1999,626
215,Three Oaks Senior High School,1999,856
130,Tignish Elementary School,1999,300
454,Tracadie Cross Consolidated School,1999,124
455,Vernon River Consolidated School,1999,256
355,West Kent Elementary School,1999,359
356,West Royalty Elementary School,1999,207
113,Westisle Composite High School,1999,813
350,Westwood Primary School,1999,424
131,Alberton Elementary School,2000,231
231,Amherst Cove Consolidated School,2000,180
221,Athena Consolidated School,2000,420
440,Belfast Consolidated School,2000,286
320,Birchwood Intermediate School,2000,433
132,Bloomfield Elementary School,2000,221
314,Bluefield High School,2000,807
441,Cardigan Consolidated School,2000,235
341,Central Queens Elementary School,2000,274
310,Charlottetown Rural High School,2000,1097
311,Colonel Gray Senior High School,2000,966
344,Donagh Regional School,2000,168
442,Dundas Consolidated School,2000,77
324,East Wiltshire Intermediate School,2000,620
443,Eastern Kings Consolidated School,2000,100
510,École Évangéline,2000,418
511,École François-Buote,2000,170
514,École Pierre-Chiasson,2000,6
512,École St-Augustin,2000,5
513,École-sur-Mer,2000,4
342,Eliot River Elementary School,2000,417
134,Ellerslie Elementary School,2000,223
232,Elm Street Elementary School,2000,476
345,Englewood School,2000,234
444,Fortune Consolidated School,2000,122
445,Georgetown Elementary School,2000,95
340,Glen Stewart Elementary School,2000,632
357,Grand Tracadie Elementary School,2000,54
237,Greenfield Elementary School,2000,409
348,Gulf Shore Consolidated School,2000,332
122,Hernewood Intermediate School,2000,375
211,Kensington Intermediate Senior High School,2000,460
212,Kinkora Regional High School,2000,214
343,L.M. Montgomery Elementary School,2000,388
123,M.E. Callaghan Intermediate School,2000,350
222,Miscouche Consolidated School,2000,233
446,Montague Consolidated School,2000,405
420,Montague Intermediate School,2000,357
410,Montague Regional High School,2000,715
447,Morell Consolidated School,2000,215
411,Morell Regional High School,2000,327
448,Mount Stewart Consolidated School,2000,120
133,O'Leary Elementary School,2000,237
346,Parkdale Elementary School,2000,169
236,Parkside Elementary School,2000,303
347,Prince Street Elementary School,2000,353
321,Queen Charlotte Intermediate School,2000,531
233,Queen Elizabeth Elementary School,2000,440
449,Rollo Bay Consolidated School,2000,135
349,Sherwood Elementary School,2000,627
234,Somerset Elementary School,2000,198
450,Souris Consolidated School,2000,234
412,Souris Regional High School,2000,350
451,Southern Kings Consolidated School,2000,359
351,Spring Park Elementary School,2000,491
354,St. Jean Elementary School,2000,230
135,St. Louis Elementary School,2000,180
452,St. Peter’s Consolidated School,2000,111
453,St. Teresa’s Consolidated School,2000,64
323,Stonepark Intermediate School,2000,835
220,Summerside Intermediate School,2000,621
215,Three Oaks Senior High School,2000,876
130,Tignish Elementary School,2000,297
454,Tracadie Cross Consolidated School,2000,124
455,Vernon River Consolidated School,2000,252
355,West Kent Elementary School,2000,138
356,West Royalty Elementary School,2000,458
113,Westisle Composite High School,2000,761
350,Westwood Primary School,2000,428
131,Alberton Elementary School,2001,237
231,Amherst Cove Consolidated School,2001,192
221,Athena Consolidated School,2001,433
440,Belfast Consolidated School,2001,283
320,Birchwood Intermediate School,2001,447
132,Bloomfield Elementary School,2001,205
314,Bluefield High School,2001,850
441,Cardigan Consolidated School,2001,215
341,Central Queens Elementary School,2001,264
310,Charlottetown Rural High School,2001,1083
311,Colonel Gray Senior High School,2001,972
344,Donagh Regional School,2001,166
442,Dundas Consolidated School,2001,78
324,East Wiltshire Intermediate School,2001,581
443,Eastern Kings Consolidated School,2001,83
510,École Évangéline,2001,388
511,École François-Buote,2001,167
514,École Pierre-Chiasson,2001,17
512,École St-Augustin,2001,10
513,École-sur-Mer,2001,24
342,Eliot River Elementary School,2001,439
134,Ellerslie Elementary School,2001,214
232,Elm Street Elementary School,2001,444
345,Englewood School,2001,239
444,Fortune Consolidated School,2001,129
445,Georgetown Elementary School,2001,93
340,Glen Stewart Elementary School,2001,646
357,Grand Tracadie Elementary School,2001,54
237,Greenfield Elementary School,2001,406
348,Gulf Shore Consolidated School,2001,331
122,Hernewood Intermediate School,2001,399
211,Kensington Intermediate Senior High School,2001,480
212,Kinkora Regional High School,2001,210
343,L.M. Montgomery Elementary School,2001,404
123,M.E. Callaghan Intermediate School,2001,363
222,Miscouche Consolidated School,2001,241
446,Montague Consolidated School,2001,412
420,Montague Intermediate School,2001,351
410,Montague Regional High School,2001,718
447,Morell Consolidated School,2001,213
411,Morell Regional High School,2001,338
448,Mount Stewart Consolidated School,2001,118
133,O'Leary Elementary School,2001,231
346,Parkdale Elementary School,2001,159
236,Parkside Elementary School,2001,289
347,Prince Street Elementary School,2001,327
321,Queen Charlotte Intermediate School,2001,560
233,Queen Elizabeth Elementary School,2001,405
449,Rollo Bay Consolidated School,2001,126
349,Sherwood Elementary School,2001,571
234,Somerset Elementary School,2001,188
450,Souris Consolidated School,2001,245
412,Souris Regional High School,2001,344
451,Southern Kings Consolidated School,2001,332
351,Spring Park Elementary School,2001,487
354,St. Jean Elementary School,2001,209
135,St. Louis Elementary School,2001,169
452,St. Peter’s Consolidated School,2001,109
453,St. Teresa’s Consolidated School,2001,62
323,Stonepark Intermediate School,2001,764
220,Summerside Intermediate School,2001,620
215,Three Oaks Senior High School,2001,903
130,Tignish Elementary School,2001,293
454,Tracadie Cross Consolidated School,2001,123
455,Vernon River Consolidated School,2001,236
355,West Kent Elementary School,2001,127
356,West Royalty Elementary School,2001,450
113,Westisle Composite High School,2001,728
350,Westwood Primary School,2001,435
131,Alberton Elementary School,2002,213
231,Amherst Cove Consolidated School,2002,194
221,Athena Consolidated School,2002,435
440,Belfast Consolidated School,2002,264
320,Birchwood Intermediate School,2002,470
132,Bloomfield Elementary School,2002,202
314,Bluefield High School,2002,853
441,Cardigan Consolidated School,2002,201
341,Central Queens Elementary School,2002,247
310,Charlottetown Rural High School,2002,1060
311,Colonel Gray Senior High School,2002,929
344,Donagh Regional School,2002,163
442,Dundas Consolidated School,2002,78
324,East Wiltshire Intermediate School,2002,611
443,Eastern Kings Consolidated School,2002,81
510,École Évangéline,2002,365
511,École François-Buote,2002,171
514,École Pierre-Chiasson,2002,35
512,École St-Augustin,2002,17
513,École-sur-Mer,2002,38
342,Eliot River Elementary School,2002,437
134,Ellerslie Elementary School,2002,193
232,Elm Street Elementary School,2002,488
345,Englewood School,2002,240
444,Fortune Consolidated School,2002,116
445,Georgetown Elementary School,2002,102
340,Glen Stewart Elementary School,2002,659
357,Grand Tracadie Elementary School,2002,50
237,Greenfield Elementary School,2002,414
348,Gulf Shore Consolidated School,2002,321
122,Hernewood Intermediate School,2002,427
211,Kensington Intermediate Senior High School,2002,487
212,Kinkora Regional High School,2002,201
343,L.M. Montgomery Elementary School,2002,380
123,M.E. Callaghan Intermediate School,2002,330
222,Miscouche Consolidated School,2002,253
446,Montague Consolidated School,2002,414
420,Montague Intermediate School,2002,316
410,Montague Regional High School,2002,720
447,Morell Consolidated School,2002,221
411,Morell Regional High School,2002,346
448,Mount Stewart Consolidated School,2002,89
133,O'Leary Elementary School,2002,222
346,Parkdale Elementary School,2002,140
236,Parkside Elementary School,2002,269
347,Prince Street Elementary School,2002,310
321,Queen Charlotte Intermediate School,2002,550
233,Queen Elizabeth Elementary School,2002,387
449,Rollo Bay Consolidated School,2002,125
349,Sherwood Elementary School,2002,548
234,Somerset Elementary School,2002,197
450,Souris Consolidated School,2002,242
412,Souris Regional High School,2002,348
451,Southern Kings Consolidated School,2002,325
351,Spring Park Elementary School,2002,471
354,St. Jean Elementary School,2002,205
135,St. Louis Elementary School,2002,165
452,St. Peter’s Consolidated School,2002,98
453,St. Teresa’s Consolidated School,2002,66
323,Stonepark Intermediate School,2002,814
220,Summerside Intermediate School,2002,622
215,Three Oaks Senior High School,2002,924
130,Tignish Elementary School,2002,273
454,Tracadie Cross Consolidated School,2002,127
455,Vernon River Consolidated School,2002,245
355,West Kent Elementary School,2002,121
356,West Royalty Elementary School,2002,436
113,Westisle Composite High School,2002,742
350,Westwood Primary School,2002,416
131,Alberton Elementary School,2003,225
231,Amherst Cove Consolidated School,2003,190
221,Athena Consolidated School,2003,421
440,Belfast Consolidated School,2003,251
320,Birchwood Intermediate School,2003,460
132,Bloomfield Elementary School,2003,206
314,Bluefield High School,2003,831
441,Cardigan Consolidated School,2003,191
341,Central Queens Elementary School,2003,230
310,Charlottetown Rural High School,2003,1035
311,Colonel Gray Senior High School,2003,918
344,Donagh Regional School,2003,161
442,Dundas Consolidated School,2003,74
324,East Wiltshire Intermediate School,2003,609
443,Eastern Kings Consolidated School,2003,77
510,École Évangéline,2003,348
511,École François-Buote,2003,205
515,École La-Belle-Cloche,2003,13
514,École Pierre-Chiasson,2003,40
512,École St-Augustin,2003,24
513,École-sur-Mer,2003,36
342,Eliot River Elementary School,2003,434
134,Ellerslie Elementary School,2003,179
232,Elm Street Elementary School,2003,467
345,Englewood School,2003,235
444,Fortune Consolidated School,2003,91
445,Georgetown Elementary School,2003,96
340,Glen Stewart Elementary School,2003,659
357,Grand Tracadie Elementary School,2003,48
237,Greenfield Elementary School,2003,413
348,Gulf Shore Consolidated School,2003,323
122,Hernewood Intermediate School,2003,411
211,Kensington Intermediate Senior High School,2003,484
212,Kinkora Regional High School,2003,191
343,L.M. Montgomery Elementary School,2003,357
123,M.E. Callaghan Intermediate School,2003,325
222,Miscouche Consolidated School,2003,257
446,Montague Consolidated School,2003,426
420,Montague Intermediate School,2003,315
410,Montague Regional High School,2003,740
447,Morell Consolidated School,2003,213
411,Morell Regional High School,2003,345
448,Mount Stewart Consolidated School,2003,90
133,O'Leary Elementary School,2003,214
346,Parkdale Elementary School,2003,134
236,Parkside Elementary School,2003,236
347,Prince Street Elementary School,2003,314
321,Queen Charlotte Intermediate School,2003,580
233,Queen Elizabeth Elementary School,2003,405
449,Rollo Bay Consolidated School,2003,112
349,Sherwood Elementary School,2003,549
234,Somerset Elementary School,2003,194
450,Souris Consolidated School,2003,224
412,Souris Regional High School,2003,336
451,Southern Kings Consolidated School,2003,314
351,Spring Park Elementary School,2003,446
354,St. Jean Elementary School,2003,183
135,St. Louis Elementary School,2003,160
452,St. Peter’s Consolidated School,2003,96
453,St. Teresa’s Consolidated School,2003,63
323,Stonepark Intermediate School,2003,819
220,Summerside Intermediate School,2003,644
215,Three Oaks Senior High School,2003,917
130,Tignish Elementary School,2003,268
454,Tracadie Cross Consolidated School,2003,105
455,Vernon River Consolidated School,2003,231
355,West Kent Elementary School,2003,135
356,West Royalty Elementary School,2003,431
113,Westisle Composite High School,2003,737
350,Westwood Primary School,2003,394
131,Alberton Elementary School,2004,218
231,Amherst Cove Consolidated School,2004,183
221,Athena Consolidated School,2004,403
440,Belfast Consolidated School,2004,238
320,Birchwood Intermediate School,2004,443
132,Bloomfield Elementary School,2004,197
314,Bluefield High School,2004,831
441,Cardigan Consolidated School,2004,168
341,Central Queens Elementary School,2004,219
310,Charlottetown Rural High School,2004,1001
311,Colonel Gray Senior High School,2004,931
344,Donagh Regional School,2004,151
442,Dundas Consolidated School,2004,77
324,East Wiltshire Intermediate School,2004,606
443,Eastern Kings Consolidated School,2004,79
510,École Évangéline,2004,315
511,École François-Buote,2004,207
515,École La-Belle-Cloche,2004,25
514,École Pierre-Chiasson,2004,47
512,École St-Augustin,2004,35
513,École-sur-Mer,2004,44
342,Eliot River Elementary School,2004,423
134,Ellerslie Elementary School,2004,183
232,Elm Street Elementary School,2004,468
345,Englewood School,2004,227
444,Fortune Consolidated School,2004,80
445,Georgetown Elementary School,2004,89
340,Glen Stewart Elementary School,2004,619
357,Grand Tracadie Elementary School,2004,41
237,Greenfield Elementary School,2004,396
348,Gulf Shore Consolidated School,2004,297
122,Hernewood Intermediate School,2004,381
211,Kensington Intermediate Senior High School,2004,459
212,Kinkora Regional High School,2004,192
343,L.M. Montgomery Elementary School,2004,320
123,M.E. Callaghan Intermediate School,2004,344
222,Miscouche Consolidated School,2004,253
446,Montague Consolidated School,2004,428
420,Montague Intermediate School,2004,344
410,Montague Regional High School,2004,720
447,Morell Consolidated School,2004,201
411,Morell Regional High School,2004,343
448,Mount Stewart Consolidated School,2004,80
133,O'Leary Elementary School,2004,204
346,Parkdale Elementary School,2004,122
236,Parkside Elementary School,2004,240
347,Prince Street Elementary School,2004,301
321,Queen Charlotte Intermediate School,2004,573
233,Queen Elizabeth Elementary School,2004,396
449,Rollo Bay Consolidated School,2004,115
349,Sherwood Elementary School,2004,524
234,Somerset Elementary School,2004,180
450,Souris Consolidated School,2004,208
412,Souris Regional High School,2004,326
451,Southern Kings Consolidated School,2004,308
351,Spring Park Elementary School,2004,409
354,St. Jean Elementary School,2004,169
135,St. Louis Elementary School,2004,150
452,St. Peter’s Consolidated School,2004,91
453,St. Teresa’s Consolidated School,2004,58
323,Stonepark Intermediate School,2004,862
220,Summerside Intermediate School,2004,625
215,Three Oaks Senior High School,2004,917
130,Tignish Elementary School,2004,246
454,Tracadie Cross Consolidated School,2004,108
455,Vernon River Consolidated School,2004,215
355,West Kent Elementary School,2004,132
356,West Royalty Elementary School,2004,429
113,Westisle Composite High School,2004,757
350,Westwood Primary School,2004,403
131,Alberton Elementary School,2005,219
231,Amherst Cove Consolidated School,2005,172
221,Athena Consolidated School,2005,386
440,Belfast Consolidated School,2005,214
320,Birchwood Intermediate School,2005,428
132,Bloomfield Elementary School,2005,179
314,Bluefield High School,2005,844
441,Cardigan Consolidated School,2005,153
341,Central Queens Elementary School,2005,214
310,Charlottetown Rural High School,2005,1056
311,Colonel Gray Senior High School,2005,963
344,Donagh Regional School,2005,149
442,Dundas Consolidated School,2005,76
324,East Wiltshire Intermediate School,2005,582
443,Eastern Kings Consolidated School,2005,72
510,École Évangéline,2005,291
511,École François-Buote,2005,210
515,École La-Belle-Cloche,2005,38
514,École Pierre-Chiasson,2005,60
512,École St-Augustin,2005,42
513,École-sur-Mer,2005,56
342,Eliot River Elementary School,2005,411
134,Ellerslie Elementary School,2005,173
232,Elm Street Elementary School,2005,492
345,Englewood School,2005,228
444,Fortune Consolidated School,2005,69
445,Georgetown Elementary School,2005,84
340,Glen Stewart Elementary School,2005,624
357,Grand Tracadie Elementary School,2005,39
237,Greenfield Elementary School,2005,401
348,Gulf Shore Consolidated School,2005,277
122,Hernewood Intermediate School,2005,356
211,Kensington Intermediate Senior High School,2005,474
212,Kinkora Regional High School,2005,193
343,L.M. Montgomery Elementary School,2005,283
123,M.E. Callaghan Intermediate School,2005,331
222,Miscouche Consolidated School,2005,256
446,Montague Consolidated School,2005,401
420,Montague Intermediate School,2005,325
410,Montague Regional High School,2005,725
447,Morell Consolidated School,2005,183
411,Morell Regional High School,2005,346
448,Mount Stewart Consolidated School,2005,70
133,O'Leary Elementary School,2005,195
346,Parkdale Elementary School,2005,118
236,Parkside Elementary School,2005,207
347,Prince Street Elementary School,2005,258
321,Queen Charlotte Intermediate School,2005,566
233,Queen Elizabeth Elementary School,2005,374
449,Rollo Bay Consolidated School,2005,112
349,Sherwood Elementary School,2005,524
234,Somerset Elementary School,2005,187
450,Souris Consolidated School,2005,211
412,Souris Regional High School,2005,298
451,Southern Kings Consolidated School,2005,294
351,Spring Park Elementary School,2005,385
354,St. Jean Elementary School,2005,155
135,St. Louis Elementary School,2005,136
452,St. Peter’s Consolidated School,2005,86
453,St. Teresa’s Consolidated School,2005,56
323,Stonepark Intermediate School,2005,855
220,Summerside Intermediate School,2005,603
215,Three Oaks Senior High School,2005,927
130,Tignish Elementary School,2005,214
454,Tracadie Cross Consolidated School,2005,100
455,Vernon River Consolidated School,2005,202
355,West Kent Elementary School,2005,141
356,West Royalty Elementary School,2005,400
113,Westisle Composite High School,2005,769
350,Westwood Primary School,2005,409
131,Alberton Elementary School,2006,214
231,Amherst Cove Consolidated School,2006,169
221,Athena Consolidated School,2006,367
440,Belfast Consolidated School,2006,194
320,Birchwood Intermediate School,2006,382
132,Bloomfield Elementary School,2006,172
314,Bluefield High School,2006,857
441,Cardigan Consolidated School,2006,149
341,Central Queens Elementary School,2006,199
310,Charlottetown Rural High School,2006,1067
311,Colonel Gray Senior High School,2006,968
344,Donagh Regional School,2006,147
442,Dundas Consolidated School,2006,78
324,East Wiltshire Intermediate School,2006,570
443,Eastern Kings Consolidated School,2006,70
510,École Évangéline,2006,271
511,École François-Buote,2006,230
515,École La-Belle-Cloche,2006,40
514,École Pierre-Chiasson,2006,63
512,École St-Augustin,2006,42
513,École-sur-Mer,2006,59
342,Eliot River Elementary School,2006,407
134,Ellerslie Elementary School,2006,149
232,Elm Street Elementary School,2006,483
345,Englewood School,2006,220
444,Fortune Consolidated School,2006,73
445,Georgetown Elementary School,2006,86
340,Glen Stewart Elementary School,2006,639
357,Grand Tracadie Elementary School,2006,40
237,Greenfield Elementary School,2006,371
348,Gulf Shore Consolidated School,2006,265
122,Hernewood Intermediate School,2006,327
211,Kensington Intermediate Senior High School,2006,446
212,Kinkora Regional High School,2006,196
343,L.M. Montgomery Elementary School,2006,265
123,M.E. Callaghan Intermediate School,2006,311
222,Miscouche Consolidated School,2006,241
446,Montague Consolidated School,2006,379
420,Montague Intermediate School,2006,298
410,Montague Regional High School,2006,714
447,Morell Consolidated School,2006,178
411,Morell Regional High School,2006,337
448,Mount Stewart Consolidated School,2006,68
133,O'Leary Elementary School,2006,196
346,Parkdale Elementary School,2006,115
236,Parkside Elementary School,2006,216
347,Prince Street Elementary School,2006,250
321,Queen Charlotte Intermediate School,2006,562
233,Queen Elizabeth Elementary School,2006,358
449,Rollo Bay Consolidated School,2006,102
349,Sherwood Elementary School,2006,509
234,Somerset Elementary School,2006,171
450,Souris Consolidated School,2006,191
412,Souris Regional High School,2006,296
451,Southern Kings Consolidated School,2006,295
351,Spring Park Elementary School,2006,361
354,St. Jean Elementary School,2006,133
135,St. Louis Elementary School,2006,131
452,St. Peter’s Consolidated School,2006,77
453,St. Teresa’s Consolidated School,2006,55
323,Stonepark Intermediate School,2006,858
220,Summerside Intermediate School,2006,589
215,Three Oaks Senior High School,2006,913
130,Tignish Elementary School,2006,208
454,Tracadie Cross Consolidated School,2006,84
455,Vernon River Consolidated School,2006,188
355,West Kent Elementary School,2006,161
356,West Royalty Elementary School,2006,379
113,Westisle Composite High School,2006,751
350,Westwood Primary School,2006,414
131,Alberton Elementary School,2007,194
231,Amherst Cove Consolidated School,2007,147
221,Athena Consolidated School,2007,356
440,Belfast Consolidated School,2007,169
320,Birchwood Intermediate School,2007,354
132,Bloomfield Elementary School,2007,165
314,Bluefield High School,2007,851
441,Cardigan Consolidated School,2007,127
341,Central Queens Elementary School,2007,181
310,Charlottetown Rural High School,2007,1116
311,Colonel Gray Senior High School,2007,964
344,Donagh Regional School,2007,139
442,Dundas Consolidated School,2007,77
324,East Wiltshire Intermediate School,2007,572
443,Eastern Kings Consolidated School,2007,70
510,École Évangéline,2007,247
511,École François-Buote,2007,229
515,École La-Belle-Cloche,2007,40
514,École Pierre-Chiasson,2007,63
512,École St-Augustin,2007,48
513,École-sur-Mer,2007,67
342,Eliot River Elementary School,2007,427
134,Ellerslie Elementary School,2007,146
232,Elm Street Elementary School,2007,462
345,Englewood School,2007,193
444,Fortune Consolidated School,2007,69
445,Georgetown Elementary School,2007,84
340,Glen Stewart Elementary School,2007,659
357,Grand Tracadie Elementary School,2007,36
237,Greenfield Elementary School,2007,340
348,Gulf Shore Consolidated School,2007,249
122,Hernewood Intermediate School,2007,337
211,Kensington Intermediate Senior High School,2007,438
212,Kinkora Regional High School,2007,195
343,L.M. Montgomery Elementary School,2007,242
123,M.E. Callaghan Intermediate School,2007,294
222,Miscouche Consolidated School,2007,247
446,Montague Consolidated School,2007,366
420,Montague Intermediate School,2007,333
410,Montague Regional High School,2007,694
447,Morell Consolidated School,2007,158
411,Morell Regional High School,2007,326
448,Mount Stewart Consolidated School,2007,58
133,O'Leary Elementary School,2007,181
346,Parkdale Elementary School,2007,112
236,Parkside Elementary School,2007,196
347,Prince Street Elementary School,2007,231
321,Queen Charlotte Intermediate School,2007,553
233,Queen Elizabeth Elementary School,2007,341
449,Rollo Bay Consolidated School,2007,89
349,Sherwood Elementary School,2007,504
234,Somerset Elementary School,2007,166
450,Souris Consolidated School,2007,189
412,Souris Regional High School,2007,271
451,Southern Kings Consolidated School,2007,272
351,Spring Park Elementary School,2007,333
354,St. Jean Elementary School,2007,125
135,St. Louis Elementary School,2007,129
452,St. Peter’s Consolidated School,2007,70
453,St. Teresa’s Consolidated School,2007,50
323,Stonepark Intermediate School,2007,865
220,Summerside Intermediate School,2007,570
215,Three Oaks Senior High School,2007,920
130,Tignish Elementary School,2007,214
454,Tracadie Cross Consolidated School,2007,80
455,Vernon River Consolidated School,2007,156
355,West Kent Elementary School,2007,169
356,West Royalty Elementary School,2007,363
113,Westisle Composite High School,2007,739
350,Westwood Primary School,2007,396
131,Alberton Elementary School,2008,186
231,Amherst Cove Consolidated School,2008,143
221,Athena Consolidated School,2008,357
440,Belfast Consolidated School,2008,144
320,Birchwood Intermediate School,2008,306
132,Bloomfield Elementary School,2008,153
314,Bluefield High School,2008,821
441,Cardigan Consolidated School,2008,118
341,Central Queens Elementary School,2008,182
310,Charlottetown Rural High School,2008,1119
311,Colonel Gray Senior High School,2008,970
344,Donagh Regional School,2008,143
442,Dundas Consolidated School,2008,69
324,East Wiltshire Intermediate School,2008,557
443,Eastern Kings Consolidated School,2008,55
510,École Évangéline,2008,242
511,École François-Buote,2008,254
515,École La-Belle-Cloche,2008,36
514,École Pierre-Chiasson,2008,59
512,École St-Augustin,2008,48
513,École-sur-Mer,2008,68
342,Eliot River Elementary School,2008,413
134,Ellerslie Elementary School,2008,158
232,Elm Street Elementary School,2008,393
345,Englewood School,2008,184
444,Fortune Consolidated School,2008,53
445,Georgetown Elementary School,2008,94
340,Glen Stewart Elementary School,2008,639
357,Grand Tracadie Elementary School,2008,30
237,Greenfield Elementary School,2008,381
348,Gulf Shore Consolidated School,2008,220
122,Hernewood Intermediate School,2008,330
211,Kensington Intermediate Senior High School,2008,428
212,Kinkora Regional High School,2008,195
343,L.M. Montgomery Elementary School,2008,240
123,M.E. Callaghan Intermediate School,2008,281
222,Miscouche Consolidated School,2008,250
446,Montague Consolidated School,2008,370
420,Montague Intermediate School,2008,325
410,Montague Regional High School,2008,692
447,Morell Consolidated School,2008,155
411,Morell Regional High School,2008,309
448,Mount Stewart Consolidated School,2008,50
133,O'Leary Elementary School,2008,168
346,Parkdale Elementary School,2008,100
236,Parkside Elementary School,2008,179
347,Prince Street Elementary School,2008,235
321,Queen Charlotte Intermediate School,2008,531
233,Queen Elizabeth Elementary School,2008,301
449,Rollo Bay Consolidated School,2008,34
349,Sherwood Elementary School,2008,478
234,Somerset Elementary School,2008,156
450,Souris Consolidated School,2008,252
412,Souris Regional High School,2008,279
451,Southern Kings Consolidated School,2008,262
351,Spring Park Elementary School,2008,318
354,St. Jean Elementary School,2008,108
135,St. Louis Elementary School,2008,130
452,St. Peter’s Consolidated School,2008,59
453,St. Teresa’s Consolidated School,2008,47
323,Stonepark Intermediate School,2008,875
220,Summerside Intermediate School,2008,583
215,Three Oaks Senior High School,2008,891
130,Tignish Elementary School,2008,216
454,Tracadie Cross Consolidated School,2008,74
455,Vernon River Consolidated School,2008,137
355,West Kent Elementary School,2008,183
356,West Royalty Elementary School,2008,398
113,Westisle Composite High School,2008,702
350,Westwood Primary School,2008,408
131,Alberton Elementary School,2009,167
231,Amherst Cove Consolidated School,2009,128
221,Athena Consolidated School,2009,370
440,Belfast Consolidated School,2009,125
320,Birchwood Intermediate School,2009,296
132,Bloomfield Elementary School,2009,146
314,Bluefield High School,2009,788
441,Cardigan Consolidated School,2009,118
341,Central Queens Elementary School,2009,184
310,Charlottetown Rural High School,2009,1104
311,Colonel Gray Senior High School,2009,944
344,Donagh Regional School,2009,141
324,East Wiltshire Intermediate School,2009,560
510,École Évangéline,2009,237
511,École François-Buote,2009,267
515,École La-Belle-Cloche,2009,40
514,École Pierre-Chiasson,2009,61
512,École St-Augustin,2009,43
513,École-sur-Mer,2009,67
342,Eliot River Elementary School,2009,448
134,Ellerslie Elementary School,2009,176
232,Elm Street Elementary School,2009,441
345,Englewood School,2009,191
445,Georgetown Elementary School,2009,94
340,Glen Stewart Elementary School,2009,680
237,Greenfield Elementary School,2009,316
348,Gulf Shore Consolidated School,2009,206
122,Hernewood Intermediate School,2009,324
211,Kensington Intermediate Senior High School,2009,435
212,Kinkora Regional High School,2009,186
343,L.M. Montgomery Elementary School,2009,287
123,M.E. Callaghan Intermediate School,2009,282
222,Miscouche Consolidated School,2009,244
446,Montague Consolidated School,2009,339
420,Montague Intermediate School,2009,359
410,Montague Regional High School,2009,641
447,Morell Consolidated School,2009,211
411,Morell Regional High School,2009,300
448,Mount Stewart Consolidated School,2009,140
133,O'Leary Elementary School,2009,149
346,Parkdale Elementary School,2009,100
236,Parkside Elementary School,2009,173
347,Prince Street Elementary School,2009,218
321,Queen Charlotte Intermediate School,2009,557
233,Queen Elizabeth Elementary School,2009,272
349,Sherwood Elementary School,2009,451
234,Somerset Elementary School,2009,149
450,Souris Consolidated School,2009,312
412,Souris Regional High School,2009,348
451,Southern Kings Consolidated School,2009,253
351,Spring Park Elementary School,2009,319
354,St. Jean Elementary School,2009,94
135,St. Louis Elementary School,2009,134
323,Stonepark Intermediate School,2009,898
220,Summerside Intermediate School,2009,573
215,Three Oaks Senior High School,2009,865
130,Tignish Elementary School,2009,218
455,Vernon River Consolidated School,2009,128
355,West Kent Elementary School,2009,192
356,West Royalty Elementary School,2009,391
113,Westisle Composite High School,2009,663
350,Westwood Primary School,2009,412
131,Alberton Elementary School,2010,175
231,Amherst Cove Consolidated School,2010,138
221,Athena Consolidated School,2010,394
440,Belfast Consolidated School,2010,126
320,Birchwood Intermediate School,2010,283
132,Bloomfield Elementary School,2010,181
314,Bluefield High School,2010,762
441,Cardigan Consolidated School,2010,136
341,Central Queens Elementary School,2010,244
310,Charlottetown Rural High School,2010,1044
311,Colonel Gray Senior High School,2010,1001
344,Donagh Regional School,2010,146
324,East Wiltshire Intermediate School,2010,571
510,École Évangéline,2010,251
511,École François-Buote,2010,301
515,École La-Belle-Cloche,2010,54
514,École Pierre-Chiasson,2010,73
512,École St-Augustin,2010,44
513,École-sur-Mer,2010,97
342,Eliot River Elementary School,2010,417
134,Ellerslie Elementary School,2010,190
232,Elm Street Elementary School,2010,502
345,Englewood School,2010,201
445,Georgetown Elementary School,2010,98
340,Glen Stewart Primary School,2010,509
237,Greenfield Elementary School,2010,324
348,Gulf Shore Consolidated School,2010,232
122,Hernewood Intermediate School,2010,307
211,Kensington Intermediate Senior High School,2010,429
212,Kinkora Regional High School,2010,186
343,L.M. Montgomery Elementary School,2010,340
123,M.E. Callaghan Intermediate School,2010,270
222,Miscouche Consolidated School,2010,288
446,Montague Consolidated School,2010,395
420,Montague Intermediate School,2010,341
410,Montague Regional High School,2010,629
447,Morell Consolidated School,2010,215
411,Morell Regional High School,2010,272
448,Mount Stewart Consolidated School,2010,163
133,O'Leary Elementary School,2010,169
346,Parkdale Elementary School,2010,113
236,Parkside Elementary School,2010,288
347,Prince Street Elementary School,2010,257
321,Queen Charlotte Intermediate School,2010,539
233,Queen Elizabeth Elementary School,2010,321
349,Sherwood Elementary School,2010,536
234,Somerset Elementary School,2010,161
450,Souris Consolidated School,2010,372
412,Souris Regional High School,2010,307
451,Southern Kings Consolidated School,2010,254
351,Spring Park Elementary School,2010,397
354,St. Jean Elementary School,2010,126
135,St. Louis Elementary School,2010,149
323,Stonepark Intermediate School,2010,824
358,Stratford Elementary School,2010,336
220,Summerside Intermediate School,2010,540
215,Three Oaks Senior High School,2010,845
130,Tignish Elementary School,2010,252
455,Vernon River Consolidated School,2010,154
355,West Kent Elementary School,2010,218
356,West Royalty Elementary School,2010,436
113,Westisle Composite High School,2010,669
350,Westwood Primary School,2010,570
131,Alberton Elementary School,2011,178
231,Amherst Cove Consolidated School,2011,132
221,Athena Consolidated School,2011,382
440,Belfast Consolidated School,2011,116
320,Birchwood Intermediate School,2011,240
132,Bloomfield Elementary School,2011,195
314,Bluefield High School,2011,773
441,Cardigan Consolidated School,2011,128
341,Central Queens Elementary School,2011,239
310,Charlottetown Rural High School,2011,993
311,Colonel Gray Senior High School,2011,961
344,Donagh Regional School,2011,137
324,East Wiltshire Intermediate School,2011,557
510,École Évangéline,2011,252
511,École François-Buote,2011,318
515,École La-Belle-Cloche,2011,58
514,École Pierre-Chiasson,2011,73
512,École St-Augustin,2011,44
513,École-sur-Mer,2011,109
342,Eliot River Elementary School,2011,429
134,Ellerslie Elementary School,2011,188
232,Elm Street Elementary School,2011,438
345,Englewood School,2011,192
445,Georgetown Elementary School,2011,92
340,Glen Stewart Primary School,2011,563
237,Greenfield Elementary School,2011,350
348,Gulf Shore Consolidated School,2011,216
122,Hernewood Intermediate School,2011,278
211,Kensington Intermediate Senior High School,2011,402
212,Kinkora Regional High School,2011,174
343,L.M. Montgomery Elementary School,2011,361
123,M.E. Callaghan Intermediate School,2011,263
222,Miscouche Consolidated School,2011,266
446,Montague Consolidated School,2011,414
420,Montague Intermediate School,2011,311
410,Montague Regional High School,2011,603
447,Morell Consolidated School,2011,215
411,Morell Regional High School,2011,248
448,Mount Stewart Consolidated School,2011,155
133,O'Leary Elementary School,2011,153
346,Parkdale Elementary School,2011,111
236,Parkside Elementary School,2011,313
347,Prince Street Elementary School,2011,276
321,Queen Charlotte Intermediate School,2011,493
233,Queen Elizabeth Elementary School,2011,326
349,Sherwood Elementary School,2011,551
234,Somerset Elementary School,2011,176
450,Souris Consolidated School,2011,354
412,Souris Regional High School,2011,294
451,Southern Kings Consolidated School,2011,237
351,Spring Park Elementary School,2011,376
354,St. Jean Elementary School,2011,143
135,St. Louis Elementary School,2011,143
323,Stonepark Intermediate School,2011,808
358,Stratford Elementary School,2011,341
220,Summerside Intermediate School,2011,523
215,Three Oaks Senior High School,2011,838
130,Tignish Elementary School,2011,268
455,Vernon River Consolidated School,2011,153
355,West Kent Elementary School,2011,214
356,West Royalty Elementary School,2011,466
113,Westisle Composite High School,2011,648
350,Westwood Primary School,2011,583
131,Alberton Elementary School,2012,158
231,Amherst Cove Consolidated School,2012,120
221,Athena Consolidated School,2012,379
440,Belfast Consolidated School,2012,120
320,Birchwood Intermediate School,2012,232
132,Bloomfield Elementary School,2012,188
314,Bluefield High School,2012,774
441,Cardigan Consolidated School,2012,114
341,Central Queens Elementary School,2012,254
310,Charlottetown Rural High School,2012,995
311,Colonel Gray Senior High School,2012,947
344,Donagh Regional School,2012,125
324,East Wiltshire Intermediate School,2012,546
510,École Évangéline,2012,235
511,École François-Buote,2012,293
515,École La-Belle-Cloche,2012,70
514,École Pierre-Chiasson,2012,71
512,École St-Augustin,2012,46
513,École-sur-Mer,2012,114
342,Eliot River Elementary School,2012,435
134,Ellerslie Elementary School,2012,186
232,Elm Street Elementary School,2012,405
345,Englewood School,2012,187
445,Georgetown Elementary School,2012,87
340,Glen Stewart Primary School,2012,577
237,Greenfield Elementary School,2012,393
348,Gulf Shore Consolidated School,2012,210
122,Hernewood Intermediate School,2012,262
211,Kensington Intermediate Senior High School,2012,379
212,Kinkora Regional High School,2012,161
343,L.M. Montgomery Elementary School,2012,360
123,M.E. Callaghan Intermediate School,2012,242
222,Miscouche Consolidated School,2012,257
446,Montague Consolidated School,2012,418
420,Montague Intermediate School,2012,294
410,Montague Regional High School,2012,565
447,Morell Consolidated School,2012,198
411,Morell Regional High School,2012,226
448,Mount Stewart Consolidated School,2012,164
133,O'Leary Elementary School,2012,166
346,Parkdale Elementary School,2012,126
236,Parkside Elementary School,2012,301
347,Prince Street Elementary School,2012,260
321,Queen Charlotte Intermediate School,2012,456
233,Queen Elizabeth Elementary School,2012,322
349,Sherwood Elementary School,2012,536
234,Somerset Elementary School,2012,181
450,Souris Consolidated School,2012,340
412,Souris Regional High School,2012,272
451,Southern Kings Consolidated School,2012,220
351,Spring Park Elementary School,2012,380
354,St. Jean Elementary School,2012,118
135,St. Louis Elementary School,2012,140
323,Stonepark Intermediate School,2012,773
358,Stratford Elementary School,2012,375
220,Summerside Intermediate School,2012,519
215,Three Oaks Senior High School,2012,845
130,Tignish Elementary School,2012,255
455,Vernon River Consolidated School,2012,145
355,West Kent Elementary School,2012,201
356,West Royalty Elementary School,2012,484
113,Westisle Composite High School,2012,628
350,Westwood Primary School,2012,576
131,Alberton Elementary School,2013,148
231,Amherst Cove Consolidated School,2013,130
221,Athena Consolidated School,2013,372
440,Belfast Consolidated School,2013,100
320,Birchwood Intermediate School,2013,218
132,Bloomfield Elementary School,2013,201
314,Bluefield High School,2013,774
441,Cardigan Consolidated School,2013,108
341,Central Queens Elementary School,2013,258
310,Charlottetown Rural High School,2013,975
311,Colonel Gray Senior High School,2013,884
344,Donagh Regional School,2013,126
324,East Wiltshire Intermediate School,2013,525
510,École Évangéline,2013,226
511,École François-Buote,2013,262
515,École La-Belle-Cloche,2013,76
514,École Pierre-Chiasson,2013,72
512,École St-Augustin,2013,57
513,École-sur-Mer,2013,121
342,Eliot River Elementary School,2013,457
134,Ellerslie Elementary School,2013,199
232,Elm Street Elementary School,2013,425
345,Englewood School,2013,194
445,Georgetown Elementary School,2013,74
340,Glen Stewart Primary School,2013,603
237,Greenfield Elementary School,2013,393
348,Gulf Shore Consolidated School,2013,227
122,Hernewood Intermediate School,2013,236
211,Kensington Intermediate Senior High School,2013,346
212,Kinkora Regional High School,2013,146
343,L.M. Montgomery Elementary School,2013,388
123,M.E. Callaghan Intermediate School,2013,243
222,Miscouche Consolidated School,2013,262
446,Montague Consolidated School,2013,414
420,Montague Intermediate School,2013,284
410,Montague Regional High School,2013,546
447,Morell Consolidated School,2013,207
411,Morell Regional High School,2013,184
448,Mount Stewart Consolidated School,2013,163
133,O'Leary Elementary School,2013,146
346,Parkdale Elementary School,2013,141
236,Parkside Elementary School,2013,336
347,Prince Street Elementary School,2013,265
321,Queen Charlotte Intermediate School,2013,451
233,Queen Elizabeth Elementary School,2013,334
349,Sherwood Elementary School,2013,529
234,Somerset Elementary School,2013,169
450,Souris Consolidated School,2013,344
412,Souris Regional High School,2013,243
451,Southern Kings Consolidated School,2013,196
351,Spring Park Elementary School,2013,440
354,St. Jean Elementary School,2013,101
135,St. Louis Elementary School,2013,145
323,Stonepark Intermediate School,2013,767
358,Stratford Elementary School,2013,408
220,Summerside Intermediate School,2013,489
215,Three Oaks Senior High School,2013,777
130,Tignish Elementary School,2013,228
455,Vernon River Consolidated School,2013,141
355,West Kent Elementary School,2013,201
356,West Royalty Elementary School,2013,477
113,Westisle Composite High School,2013,597
350,Westwood Primary School,2013,582
131,Alberton Elementary School,2014,129
231,Amherst Cove Consolidated School,2014,122
221,Athena Consolidated School,2014,355
440,Belfast Consolidated School,2014,95
320,Birchwood Intermediate School,2014,213
132,Bloomfield Elementary School,2014,200
314,Bluefield High School,2014,735
441,Cardigan Consolidated School,2014,96
341,Central Queens Elementary School,2014,256
310,Charlottetown Rural High School,2014,911
311,Colonel Gray Senior High School,2014,866
344,Donagh Regional School,2014,122
324,East Wiltshire Intermediate School,2014,542
510,École Évangéline,2014,229
511,École François-Buote,2014,280
515,École La-Belle-Cloche,2014,83
514,École Pierre-Chiasson,2014,66
512,École St-Augustin,2014,50
513,École-sur-Mer,2014,117
342,Eliot River Elementary School,2014,450
134,Ellerslie Elementary School,2014,202
232,Elm Street Elementary School,2014,434
345,Englewood School,2014,196
445,Georgetown Elementary School,2014,61
340,Glen Stewart Primary School,2014,610
237,Greenfield Elementary School,2014,376
348,Gulf Shore Consolidated School,2014,240
122,Hernewood Intermediate School,2014,243
211,Kensington Intermediate Senior High School,2014,306
212,Kinkora Regional High School,2014,130
343,L.M. Montgomery Elementary School,2014,434
123,M.E. Callaghan Intermediate School,2014,252
222,Miscouche Consolidated School,2014,238
446,Montague Consolidated School,2014,419
420,Montague Intermediate School,2014,310
410,Montague Regional High School,2014,480
447,Morell Consolidated School,2014,193
411,Morell Regional High School,2014,166
448,Mount Stewart Consolidated School,2014,169
133,O'Leary Elementary School,2014,142
346,Parkdale Elementary School,2014,145
236,Parkside Elementary School,2014,356
347,Prince Street Elementary School,2014,248
321,Queen Charlotte Intermediate School,2014,502
233,Queen Elizabeth Elementary School,2014,340
349,Sherwood Elementary School,2014,542
234,Somerset Elementary School,2014,168
412,Souris Regional School,2014,564
451,Southern Kings Consolidated School,2014,174
351,Spring Park Elementary School,2014,520
354,St. Jean Elementary School,2014,109
135,St. Louis Elementary School,2014,138
323,Stonepark Intermediate School,2014,768
358,Stratford Elementary School,2014,430
220,Summerside Intermediate School,2014,469
215,Three Oaks Senior High School,2014,772
130,Tignish Elementary School,2014,213
455,Vernon River Consolidated School,2014,148
355,West Kent Elementary School,2014,161
356,West Royalty Elementary School,2014,506
113,Westisle Composite High School,2014,543
350,Westwood Primary School,2014,604
131,Alberton Elementary School,2015,127
231,Amherst Cove Consolidated School,2015,125
221,Athena Consolidated School,2015,338
440,Belfast Consolidated School,2015,102
320,Birchwood Intermediate School,2015,211
132,Bloomfield Elementary School,2015,207
314,Bluefield High School,2015,661
441,Cardigan Consolidated School,2015,97
341,Central Queens Elementary School,2015,247
310,Charlottetown Rural High School,2015,858
311,Colonel Gray Senior High School,2015,845
344,Donagh Regional School,2015,116
324,East Wiltshire Intermediate School,2015,563
510,École Évangéline,2015,223
511,École François-Buote,2015,311
515,École La-Belle-Cloche,2015,80
514,École Pierre-Chiasson,2015,67
512,École St-Augustin,2015,33
513,École-sur-Mer,2015,135
342,Eliot River Elementary School,2015,441
134,Ellerslie Elementary School,2015,201
232,Elm Street Elementary School,2015,445
345,Englewood School,2015,195
445,Georgetown Elementary School,2015,50
340,Glen Stewart Primary School,2015,609
237,Greenfield Elementary School,2015,345
348,Gulf Shore Consolidated School,2015,256
122,Hernewood Intermediate School,2015,258
211,Kensington Intermediate Senior High School,2015,279
212,Kinkora Regional High School,2015,129
343,L.M. Montgomery Elementary School,2015,438
123,M.E. Callaghan Intermediate School,2015,247
222,Miscouche Consolidated School,2015,244
446,Montague Consolidated School,2015,409
420,Montague Intermediate School,2015,276
410,Montague Regional High School,2015,468
447,Morell Consolidated School,2015,195
411,Morell Regional High School,2015,166
448,Mount Stewart Consolidated School,2015,166
133,O'Leary Elementary School,2015,132
346,Parkdale Elementary School,2015,134
236,Parkside Elementary School,2015,358
347,Prince Street Elementary School,2015,255
321,Queen Charlotte Intermediate School,2015,496
233,Queen Elizabeth Elementary School,2015,326
349,Sherwood Elementary School,2015,561
234,Somerset Elementary School,2015,162
412,Souris Regional School,2015,551
451,Southern Kings Consolidated School,2015,160
351,Spring Park Elementary School,2015,515
354,St. Jean Elementary School,2015,115
135,St. Louis Elementary School,2015,129
323,Stonepark Intermediate School,2015,832
358,Stratford Elementary School,2015,441
220,Summerside Intermediate School,2015,467
215,Three Oaks Senior High School,2015,748
130,Tignish Elementary School,2015,209
455,Vernon River Consolidated School,2015,157
355,West Kent Elementary School,2015,170
356,West Royalty Elementary School,2015,521
113,Westisle Composite High School,2015,513
350,Westwood Primary School,2015,576
131,Alberton Elementary School,2016,133
231,Amherst Cove Consolidated School,2016,135
221,Athena Consolidated School,2016,337
440,Belfast Consolidated School,2016,102
320,Birchwood Intermediate School,2016,228
132,Bloomfield Elementary School,2016,227
314,Bluefield High School,2016,681
441,Cardigan Consolidated School,2016,95
341,Central Queens Elementary School,2016,250
310,Charlottetown Rural High School,2016,883
311,Colonel Gray Senior High School,2016,833
344,Donagh Regional School,2016,123
324,East Wiltshire Intermediate School,2016,615
510,École Évangéline,2016,228
511,École François-Buote,2016,321
515,École La-Belle-Cloche,2016,82
514,École Pierre-Chiasson,2016,65
512,École St-Augustin,2016,28
513,École-sur-Mer,2016,139
342,Eliot River Elementary School,2016,429
134,Ellerslie Elementary School,2016,199
232,Elm Street Elementary School,2016,444
345,Englewood School,2016,190
445,Georgetown Elementary School,2016,50
340,Glen Stewart Primary School,2016,661
237,Greenfield Elementary School,2016,338
348,Gulf Shore Consolidated School,2016,253
122,Hernewood Intermediate School,2016,279
211,Kensington Intermediate Senior High School,2016,280
212,Kinkora Regional High School,2016,127
343,L.M. Montgomery Elementary School,2016,435
123,M.E. Callaghan Intermediate School,2016,251
222,Miscouche Consolidated School,2016,216
446,Montague Consolidated School,2016,417
420,Montague Intermediate School,2016,283
410,Montague Regional High School,2016,434
447,Morell Consolidated School,2016,196
411,Morell Regional High School,2016,159
448,Mount Stewart Consolidated School,2016,181
133,O'Leary Elementary School,2016,135
346,Parkdale Elementary School,2016,139
236,Parkside Elementary School,2016,342
347,Prince Street Elementary School,2016,243
321,Queen Charlotte Intermediate School,2016,541
233,Queen Elizabeth Elementary School,2016,311
349,Sherwood Elementary School,2016,523
234,Somerset Elementary School,2016,160
412,Souris Regional School,2016,539
451,Southern Kings Consolidated School,2016,165
351,Spring Park Elementary School,2016,541
354,St. Jean Elementary School,2016,117
135,St. Louis Elementary School,2016,128
323,Stonepark Intermediate School,2016,911
358,Stratford Elementary School,2016,495
220,Summerside Intermediate School,2016,513
215,Three Oaks Senior High School,2016,730
130,Tignish Elementary School,2016,185
455,Vernon River Consolidated School,2016,172
355,West Kent Elementary School,2016,187
356,West Royalty Elementary School,2016,526
113,Westisle Composite High School,2016,486
350,Westwood Primary School,2016,486
131,Alberton Elementary School,2017,123
231,Amherst Cove Consolidated School,2017,135
221,Athena Consolidated School,2017,321
221,Athena Consolidated School,2017,321
440,Belfast Consolidated School,2017,101
320,Birchwood Intermediate School,2017,471
132,Bloomfield Elementary School,2017,222
314,Bluefield High School,2017,683
441,Cardigan Consolidated School,2017,97
341,Central Queens Elementary School,2017,255
310,Charlottetown Rural High School,2017,918
311,Colonel Gray Senior High School,2017,876
344,Donagh Regional School,2017,215
324,East Wiltshire Intermediate School,2017,615
510,École Évangéline,2017,217
511,École François-Buote,2017,366
515,École La-Belle-Cloche,2017,92
514,École Pierre-Chiasson,2017,68
512,École St-Augustin,2017,36
513,École-sur-Mer,2017,157
342,Eliot River Elementary School,2017,471
134,Ellerslie Elementary School,2017,192
232,Elm Street Elementary School,2017,420
345,Englewood School,2017,189
445,Georgetown Elementary School,2017,59
340,Glen Stewart Primary School,2017,624
237,Greenfield Elementary School,2017,323
348,Gulf Shore Consolidated School,2017,241
122,Hernewood Intermediate School,2017,294
211,Kensington Intermediate Senior High School,2017,290
212,Kinkora Regional High School,2017,131
343,L.M. Montgomery Elementary School,2017,434
123,M.E. Callaghan Intermediate School,2017,230
222,Miscouche Consolidated School,2017,227
446,Montague Consolidated School,2017,424
420,Montague Intermediate School,2017,275
410,Montague Regional High School,2017,438
447,Morell Consolidated School,2017,186
411,Morell Regional High School,2017,160
448,Mount Stewart Consolidated School,2017,189
133,O'Leary Elementary School,2017,122
346,Parkdale Elementary School,2017,162
236,Parkside Elementary School,2017,346
347,Prince Street Elementary School,2017,238
321,Queen Charlotte Intermediate School,2017,543
233,Queen Elizabeth Elementary School,2017,310
349,Sherwood Elementary School,2017,514
234,Somerset Elementary School,2017,156
412,Souris Regional School,2017,522
451,Southern Kings Consolidated School,2017,173
351,Spring Park Elementary School,2017,538
354,St. Jean Elementary School,2017,116
135,St. Louis Elementary School,2017,125
323,Stonepark Intermediate School,2017,684
358,Stratford Elementary School,2017,487
220,Summerside Intermediate School,2017,531
215,Three Oaks Senior High School,2017,695
130,Tignish Elementary School,2017,174
455,Vernon River Consolidated School,2017,176
355,West Kent Elementary School,2017,291
356,West Royalty Elementary School,2017,444
113,Westisle Composite High School,2017,503
350,Westwood Primary School,2017,571
131,Alberton Elementary School,2018,116
231,Amherst Cove Consolidated School,2018,129
221,Athena Consolidated School,2018,309
440,Belfast Consolidated School,2018,109
320,Birchwood Intermediate School,2018,515
132,Bloomfield Elementary School,2018,244
314,Bluefield High School,2018,704
441,Cardigan Consolidated School,2018,97
341,Central Queens Elementary School,2018,267
310,Charlottetown Rural High School,2018,988
311,Colonel Gray Senior High School,2018,872
344,Donagh Regional School,2018,220
324,East Wiltshire Intermediate School,2018,587
510,École Évangéline,2018,214
511,École François-Buote,2018,391
515,École La-Belle-Cloche,2018,93
514,École Pierre-Chiasson,2018,71
512,École St-Augustin,2018,34
513,École-sur-Mer,2018,180
342,Eliot River Elementary School,2018,472
134,Ellerslie Elementary School,2018,199
232,Elm Street Elementary School,2018,407
345,Englewood School,2018,190
445,Georgetown Elementary School,2018,54
340,Glen Stewart Primary School,2018,614
237,Greenfield Elementary School,2018,363
348,Gulf Shore Consolidated School,2018,245
122,Hernewood Intermediate School,2018,288
211,Kensington Intermediate Senior High School,2018,298
212,Kinkora Regional High School,2018,148
343,L.M. Montgomery Elementary School,2018,441
123,M.E. Callaghan Intermediate School,2018,224
222,Miscouche Consolidated School,2018,236
446,Montague Consolidated School,2018,421
420,Montague Intermediate School,2018,286
410,Montague Regional High School,2018,409
447,Morell Consolidated School,2018,181
411,Morell Regional High School,2018,170
448,Mount Stewart Consolidated School,2018,180
133,O'Leary Elementary School,2018,114
346,Parkdale Elementary School,2018,170
236,Parkside Elementary School,2018,345
347,Prince Street Elementary School,2018,231
321,Queen Charlotte Intermediate School,2018,592
233,Queen Elizabeth Elementary School,2018,337
349,Sherwood Elementary School,2018,506
234,Somerset Elementary School,2018,156
412,Souris Regional School,2018,523
451,Southern Kings Consolidated School,2018,183
351,Spring Park Elementary School,2018,535
354,St. Jean Elementary School,2018,116
135,St. Louis Elementary School,2018,120
323,Stonepark Intermediate School,2018,641
358,Stratford Elementary School,2018,456
220,Summerside Intermediate School,2018,527
215,Three Oaks Senior High School,2018,692
130,Tignish Elementary School,2018,157
455,Vernon River Consolidated School,2018,182
355,West Kent Elementary School,2018,307
356,West Royalty Elementary School,2018,451
113,Westisle Composite High School,2018,509
350,Westwood Primary School,2018,545
131,Alberton Elementary School,2019,118
231,Amherst Cove Consolidated School,2019,118
221,Athena Consolidated School,2019,302
440,Belfast Consolidated School,2019,109
320,Birchwood Intermediate School,2019,554
132,Bloomfield Elementary School,2019,252
314,Bluefield High School,2019,741
441,Cardigan Consolidated School,2019,100
341,Central Queens Elementary School,2019,253
310,Charlottetown Rural High School,2019,1056
311,Colonel Gray Senior High School,2019,913
344,Donagh Regional School,2019,206
324,East Wiltshire Intermediate School,2019,596
510,École Évangéline,2019,218
511,École François-Buote,2019,411
515,École La-Belle-Cloche,2019,102
514,École Pierre-Chiasson,2019,73
512,École St-Augustin,2019,41
513,École-sur-Mer,2019,199
342,Eliot River Elementary School,2019,466
134,Ellerslie Elementary School,2019,216
232,Elm Street Elementary School,2019,413
345,Englewood School,2019,197
445,Georgetown Elementary School,2019,57
340,Glen Stewart Primary School,2019,447
237,Greenfield Elementary School,2019,358
348,Gulf Shore Consolidated School,2019,251
122,Hernewood Intermediate School,2019,273
211,Kensington Intermediate Senior High School,2019,298
212,Kinkora Regional High School,2019,156
343,L.M. Montgomery Elementary School,2019,467
123,M.E. Callaghan Intermediate School,2019,207
222,Miscouche Consolidated School,2019,238
446,Montague Consolidated School,2019,425
420,Montague Intermediate School,2019,263
410,Montague Regional High School,2019,422
447,Morell Consolidated School,2019,175
411,Morell Regional High School,2019,149
448,Mount Stewart Consolidated School,2019,188
133,O'Leary Elementary School,2019,109
346,Parkdale Elementary School,2019,174
236,Parkside Elementary School,2019,360
347,Prince Street Elementary School,2019,229
321,Queen Charlotte Intermediate School,2019,610
233,Queen Elizabeth Elementary School,2019,337
349,Sherwood Elementary School,2019,516
234,Somerset Elementary School,2019,151
412,Souris Regional School,2019,524
451,Southern Kings Consolidated School,2019,188
351,Spring Park Elementary School,2019,503
354,St. Jean Elementary School,2019,107
135,St. Louis Elementary School,2019,112
323,Stonepark Intermediate School,2019,633
358,Stratford Elementary School,2019,646
220,Summerside Intermediate School,2019,496
215,Three Oaks Senior High School,2019,757
130,Tignish Elementary School,2019,174
455,Vernon River Consolidated School,2019,183
355,West Kent Elementary School,2019,300
356,West Royalty Elementary School,2019,505
113,Westisle Composite High School,2019,534
350,Westwood Primary School,2019,558
